<?xml version="1.0" encoding="UTF-8"?>
<metadata xml:lang="en"><Esri><CreaDate>20180417</CreaDate><CreaTime>09082400</CreaTime><ArcGISFormat>1.0</ArcGISFormat><ArcGISstyle>XTools Pro Metadata</ArcGISstyle><SyncOnce>FALSE</SyncOnce><DataProperties><lineage><Process Name="Create Feature Class" ToolSource="c:\program files (x86)\arcgis\desktop10.2\ArcToolbox\Toolboxes\Data Management Tools.tbx\CreateFeatureclass" Date="20170628" Time="154800">CreateFeatureclass "Database Connections\Connection SPATDEV.sde" capad_marine POLYGON N:\NRS\CAPAD2016\data\final_data\capad16_marine_final.gdb\NAT_2016_m SAME_AS_TEMPLATE SAME_AS_TEMPLATE "GEOGCS['GCS_GDA_1994',DATUM['D_GDA_1994',SPHEROID['GRS_1980',6378137.0,298.257222101]],PRIMEM['Greenwich',0.0],UNIT['Degree',0.0174532925199433]];-400 -400 1000000000;-100000 10000;-100000 10000;8.98315284119521E-09;0.001;0.001;IsHighPrecision" SMALL_ST_GEOM 0 0 0</Process><Process Name="Append" ToolSource="c:\program files (x86)\arcgis\desktop10.2\ArcToolbox\Toolboxes\Data Management Tools.tbx\Append" Date="20170628" Time="154815">Append N:\NRS\CAPAD2016\data\final_data\capad16_marine_final.gdb\NAT_2016_m "Database Connections\Connection SPATDEV.sde\PARKS_TEAM.capad_marine" TEST # #</Process><Process Name="Add Spatial Index" ToolSource="c:\program files (x86)\arcgis\desktop10.2\ArcToolbox\Toolboxes\Data Management Tools.tbx\AddSpatialIndex" Date="20170628" Time="154836">AddSpatialIndex "Database Connections\Connection SPATDEV.sde\PARKS_TEAM.capad_marine" 0 0 0</Process><Process ToolSource="c:\program files (x86)\arcgis\desktop10.2\ArcToolbox\Toolboxes\Conversion Tools.tbx\FeatureClassToFeatureClass" Date="20170710" Time="151555">FeatureClassToFeatureClass "Database Connections\parks_team_DC@spatdev.sde\PARKS_TEAM.capad_marine" E:\WorkSpace\CAPAD16 capad_2016_marine.shp # "PA_ID "PA_ID" true true false 20 Text 0 0 ,First,#,Database Connections\parks_team_DC@spatdev.sde\PARKS_TEAM.capad_marine,PA_ID,-1,-1;NAME "NAME" true true false 255 Text 0 0 ,First,#,Database Connections\parks_team_DC@spatdev.sde\PARKS_TEAM.capad_marine,NAME,-1,-1;TYPE "TYPE" true true false 60 Text 0 0 ,First,#,Database Connections\parks_team_DC@spatdev.sde\PARKS_TEAM.capad_marine,TYPE,-1,-1;TYPE_ABBR "TYPE_ABBR" true true false 10 Text 0 0 ,First,#,Database Connections\parks_team_DC@spatdev.sde\PARKS_TEAM.capad_marine,TYPE_ABBR,-1,-1;IUCN "IUCN" true true false 5 Text 0 0 ,First,#,Database Connections\parks_team_DC@spatdev.sde\PARKS_TEAM.capad_marine,IUCN,-1,-1;NRS_MPA "NRS_MPA" true true false 5 Text 0 0 ,First,#,Database Connections\parks_team_DC@spatdev.sde\PARKS_TEAM.capad_marine,NRS_MPA,-1,-1;GAZ_AREA "GAZ_AREA" true true false 8 Double 8 38 ,First,#,Database Connections\parks_team_DC@spatdev.sde\PARKS_TEAM.capad_marine,GAZ_AREA,-1,-1;GIS_AREA "GIS_AREA" true true false 8 Double 8 38 ,First,#,Database Connections\parks_team_DC@spatdev.sde\PARKS_TEAM.capad_marine,GIS_AREA,-1,-1;REPT_AREA "REPT_AREA" true true false 8 Double 8 38 ,First,#,Database Connections\parks_team_DC@spatdev.sde\PARKS_TEAM.capad_marine,REPT_AREA,-1,-1;GAZ_DATE "GAZ_DATE" true true false 36 Date 0 0 ,First,#,Database Connections\parks_team_DC@spatdev.sde\PARKS_TEAM.capad_marine,GAZ_DATE,-1,-1;LATEST_GAZ "LATEST_GAZ" true true false 36 Date 0 0 ,First,#,Database Connections\parks_team_DC@spatdev.sde\PARKS_TEAM.capad_marine,LATEST_GAZ,-1,-1;STATE "STATE" true true false 4 Text 0 0 ,First,#,Database Connections\parks_team_DC@spatdev.sde\PARKS_TEAM.capad_marine,STATE,-1,-1;AUTHORITY "AUTHORITY" true true false 15 Text 0 0 ,First,#,Database Connections\parks_team_DC@spatdev.sde\PARKS_TEAM.capad_marine,AUTHORITY,-1,-1;DATASOURCE "DATASOURCE" true true false 20 Text 0 0 ,First,#,Database Connections\parks_team_DC@spatdev.sde\PARKS_TEAM.capad_marine,DATASOURCE,-1,-1;GOVERNANCE "GOVERNANCE" true true false 3 Text 0 0 ,First,#,Database Connections\parks_team_DC@spatdev.sde\PARKS_TEAM.capad_marine,GOVERNANCE,-1,-1;COMMENTS "COMMENTS" true true false 120 Text 0 0 ,First,#,Database Connections\parks_team_DC@spatdev.sde\PARKS_TEAM.capad_marine,COMMENTS,-1,-1;ENVIRON "ENVIRON" true true false 3 Text 0 0 ,First,#,Database Connections\parks_team_DC@spatdev.sde\PARKS_TEAM.capad_marine,ENVIRON,-1,-1;X_COORD "X_COORD" true true false 8 Double 8 38 ,First,#,Database Connections\parks_team_DC@spatdev.sde\PARKS_TEAM.capad_marine,X_COORD,-1,-1;Y_COORD "Y_COORD" true true false 8 Double 8 38 ,First,#,Database Connections\parks_team_DC@spatdev.sde\PARKS_TEAM.capad_marine,Y_COORD,-1,-1;MGT_PLAN "MGT_PLAN" true true false 3 Text 0 0 ,First,#,Database Connections\parks_team_DC@spatdev.sde\PARKS_TEAM.capad_marine,MGT_PLAN,-1,-1;RES_NUMBER "RES_NUMBER" true true false 15 Text 0 0 ,First,#,Database Connections\parks_team_DC@spatdev.sde\PARKS_TEAM.capad_marine,RES_NUMBER,-1,-1;ZONE_TYPE "ZONE_TYPE" true true false 150 Text 0 0 ,First,#,Database Connections\parks_team_DC@spatdev.sde\PARKS_TEAM.capad_marine,ZONE_TYPE,-1,-1;EPBC "EPBC" true true false 15 Text 0 0 ,First,#,Database Connections\parks_team_DC@spatdev.sde\PARKS_TEAM.capad_marine,EPBC,-1,-1;PA_ID_GRP "PA_ID_grp" true true false 10 Text 0 0 ,First,#,Database Connections\parks_team_DC@spatdev.sde\PARKS_TEAM.capad_marine,PA_ID_GRP,-1,-1;SHAPE_AREA "SHAPE.AREA" false false true 0 Double 0 0 ,First,#,Database Connections\parks_team_DC@spatdev.sde\PARKS_TEAM.capad_marine,SHAPE.AREA,-1,-1;SHAPE_LEN "SHAPE.LEN" false false true 0 Double 0 0 ,First,#,Database Connections\parks_team_DC@spatdev.sde\PARKS_TEAM.capad_marine,SHAPE.LEN,-1,-1" #</Process><Process ToolSource="c:\program files (x86)\arcgis\desktop10.5\ArcToolbox\Toolboxes\Data Management Tools.tbx\Merge" Date="20180413" Time="202936">Merge capad_2016_marine_subset;AustraliaNetworkMarineParksNoSE C:\jac\01_Data\Maps_GIS\CAPAD_2016_marine\capad_2018_marine.shp "PA_ID "PA_ID" true true false 20 Text 0 0 ,First,#,capad_2016_marine_subset,PA_ID,-1,-1;NAME "NAME" true true false 254 Text 0 0 ,First,#,capad_2016_marine_subset,NAME,-1,-1;TYPE "TYPE" true true false 60 Text 0 0 ,First,#,capad_2016_marine_subset,TYPE,-1,-1;TYPE_ABBR "TYPE_ABBR" true true false 10 Text 0 0 ,First,#,capad_2016_marine_subset,TYPE_ABBR,-1,-1;IUCN "IUCN" true true false 5 Text 0 0 ,First,#,capad_2016_marine_subset,IUCN,-1,-1;NRS_MPA "NRS_MPA" true true false 5 Text 0 0 ,First,#,capad_2016_marine_subset,NRS_MPA,-1,-1;GAZ_AREA "GAZ_AREA" true true false 19 Double 0 0 ,First,#,capad_2016_marine_subset,GAZ_AREA,-1,-1;GIS_AREA "GIS_AREA" true true false 19 Double 0 0 ,First,#,capad_2016_marine_subset,GIS_AREA,-1,-1;REPT_AREA "REPT_AREA" true true false 19 Double 0 0 ,First,#,capad_2016_marine_subset,REPT_AREA,-1,-1;GAZ_DATE "GAZ_DATE" true true false 8 Date 0 0 ,First,#,capad_2016_marine_subset,GAZ_DATE,-1,-1;LATEST_GAZ "LATEST_GAZ" true true false 8 Date 0 0 ,First,#,capad_2016_marine_subset,LATEST_GAZ,-1,-1;STATE "STATE" true true false 4 Text 0 0 ,First,#,capad_2016_marine_subset,STATE,-1,-1;AUTHORITY "AUTHORITY" true true false 15 Text 0 0 ,First,#,capad_2016_marine_subset,AUTHORITY,-1,-1;DATASOURCE "DATASOURCE" true true false 20 Text 0 0 ,First,#,capad_2016_marine_subset,DATASOURCE,-1,-1;GOVERNANCE "GOVERNANCE" true true false 3 Text 0 0 ,First,#,capad_2016_marine_subset,GOVERNANCE,-1,-1;COMMENTS "COMMENTS" true true false 120 Text 0 0 ,First,#,capad_2016_marine_subset,COMMENTS,-1,-1;ENVIRON "ENVIRON" true true false 3 Text 0 0 ,First,#,capad_2016_marine_subset,ENVIRON,-1,-1;X_COORD "X_COORD" true true false 19 Double 0 0 ,First,#,capad_2016_marine_subset,X_COORD,-1,-1;Y_COORD "Y_COORD" true true false 19 Double 0 0 ,First,#,capad_2016_marine_subset,Y_COORD,-1,-1;MGT_PLAN "MGT_PLAN" true true false 3 Text 0 0 ,First,#,capad_2016_marine_subset,MGT_PLAN,-1,-1;RES_NUMBER "RES_NUMBER" true true false 15 Text 0 0 ,First,#,capad_2016_marine_subset,RES_NUMBER,-1,-1;ZONE_TYPE "ZONE_TYPE" true true false 150 Text 0 0 ,First,#,capad_2016_marine_subset,ZONE_TYPE,-1,-1;EPBC "EPBC" true true false 15 Text 0 0 ,First,#,capad_2016_marine_subset,EPBC,-1,-1;PA_ID_GRP "PA_ID_GRP" true true false 10 Text 0 0 ,First,#,capad_2016_marine_subset,PA_ID_GRP,-1,-1;SHAPE_AREA "SHAPE_AREA" true true false 19 Double 0 0 ,First,#,capad_2016_marine_subset,SHAPE_AREA,-1,-1;SHAPE_LEN "SHAPE_LEN" true true false 19 Double 0 0 ,First,#,capad_2016_marine_subset,SHAPE_LEN,-1,-1;NetName "NetName" true true false 254 Text 0 0 ,First,#,AustraliaNetworkMarineParksNoSE,NetName,-1,-1;ResName "ResName" true true false 254 Text 0 0 ,First,#,AustraliaNetworkMarineParksNoSE,ResName,-1,-1;ResArea "ResArea" true true false 19 Double 0 0 ,First,#,AustraliaNetworkMarineParksNoSE,ResArea,-1,-1;ZoneName "ZoneName" true true false 254 Text 0 0 ,First,#,AustraliaNetworkMarineParksNoSE,ZoneName,-1,-1;ZoneIUCN "ZoneIUCN" true true false 5 Text 0 0 ,First,#,AustraliaNetworkMarineParksNoSE,ZoneIUCN,-1,-1;PolygonID "PolygonID" true true false 10 Text 0 0 ,First,#,AustraliaNetworkMarineParksNoSE,PolygonID,-1,-1;NatLegend "NatLegend" true true false 254 Text 0 0 ,First,#,AustraliaNetworkMarineParksNoSE,NatLegend,-1,-1;Area_KM2 "Area_KM2" true true false 19 Double 0 0 ,First,#,AustraliaNetworkMarineParksNoSE,Area_KM2,-1,-1"</Process><Process ToolSource="c:\program files (x86)\arcgis\desktop10.5\ArcToolbox\Toolboxes\Data Management Tools.tbx\CalculateField" Date="20180413" Time="203037">CalculateField capad_2018_marine NAME [ResName] VB #</Process><Process ToolSource="c:\program files (x86)\arcgis\desktop10.5\ArcToolbox\Toolboxes\Data Management Tools.tbx\CalculateField" Date="20180413" Time="203102">CalculateField capad_2018_marine TYPE [ZoneName] VB #</Process><Process ToolSource="c:\program files (x86)\arcgis\desktop10.5\ArcToolbox\Toolboxes\Data Management Tools.tbx\CalculateField" Date="20180413" Time="203115">CalculateField capad_2018_marine IUCN [ZoneIUCN] VB #</Process></lineage><itemProps><imsContentType>003</imsContentType><itemName Sync="TRUE">capad_2018_marine</itemName><nativeExtBox><westBL Sync="TRUE">70.717024</westBL><eastBL Sync="TRUE">170.366667</eastBL><southBL Sync="TRUE">-58.449470</southBL><northBL Sync="TRUE">-8.881893</northBL><exTypeCode Sync="TRUE">1</exTypeCode></nativeExtBox><itemLocation><linkage Sync="TRUE">file://\\DOM-IMA-31NNM72\C$\jac\01_Data\Maps_GIS\CAPAD_2016_marine\capad_2018_marine.shp</linkage><protocol Sync="TRUE">Local Area Network</protocol></itemLocation><itemSize Sync="TRUE">0.000</itemSize></itemProps><coordRef><type Sync="TRUE">Geographic</type><geogcsn Sync="TRUE">GCS_GDA_1994</geogcsn><csUnits Sync="TRUE">Angular Unit: Degree (0.017453)</csUnits><peXml Sync="TRUE">&lt;GeographicCoordinateSystem xsi:type='typens:GeographicCoordinateSystem' xmlns:xsi='http://www.w3.org/2001/XMLSchema-instance' xmlns:xs='http://www.w3.org/2001/XMLSchema' xmlns:typens='http://www.esri.com/schemas/ArcGIS/10.5'&gt;&lt;WKT&gt;GEOGCS[&amp;quot;GCS_GDA_1994&amp;quot;,DATUM[&amp;quot;D_GDA_1994&amp;quot;,SPHEROID[&amp;quot;GRS_1980&amp;quot;,6378137.0,298.257222101]],PRIMEM[&amp;quot;Greenwich&amp;quot;,0.0],UNIT[&amp;quot;Degree&amp;quot;,0.0174532925199433],AUTHORITY[&amp;quot;EPSG&amp;quot;,4283]]&lt;/WKT&gt;&lt;XOrigin&gt;-400&lt;/XOrigin&gt;&lt;YOrigin&gt;-400&lt;/YOrigin&gt;&lt;XYScale&gt;11258999068426.238&lt;/XYScale&gt;&lt;ZOrigin&gt;-100000&lt;/ZOrigin&gt;&lt;ZScale&gt;10000&lt;/ZScale&gt;&lt;MOrigin&gt;-100000&lt;/MOrigin&gt;&lt;MScale&gt;10000&lt;/MScale&gt;&lt;XYTolerance&gt;8.9831528411952133e-009&lt;/XYTolerance&gt;&lt;ZTolerance&gt;0.001&lt;/ZTolerance&gt;&lt;MTolerance&gt;0.001&lt;/MTolerance&gt;&lt;HighPrecision&gt;true&lt;/HighPrecision&gt;&lt;LeftLongitude&gt;-180&lt;/LeftLongitude&gt;&lt;WKID&gt;4283&lt;/WKID&gt;&lt;LatestWKID&gt;4283&lt;/LatestWKID&gt;&lt;/GeographicCoordinateSystem&gt;</peXml></coordRef></DataProperties><scaleRange><minScale>500000</minScale><maxScale>50000</maxScale></scaleRange><SyncDate>20180413</SyncDate><SyncTime>20292900</SyncTime><ModDate>20180413</ModDate><ModTime>20292900</ModTime></Esri><mdDateSt>20170710</mdDateSt><distInfo><distFormat><formatName></formatName></distFormat><distributor><distorCont><rpOrgName></rpOrgName><rpCntInfo><cntPhone><voiceNum></voiceNum><faxNum></faxNum></cntPhone><cntAddress><delPoint></delPoint><city></city><adminArea></adminArea><postCode></postCode><country></country><eMailAdd></eMailAdd></cntAddress><cntOnlineRes><linkage>http://www.environment.gov.au/fed</linkage></cntOnlineRes></rpCntInfo><role><RoleCd value="005"></RoleCd></role></distorCont><distorFormat><formatName>Shapefile</formatName><formatVer>1</formatVer></distorFormat><distorFormat><formatName>ArcGIS File geodatabase</formatName><formatVer>1</formatVer></distorFormat><distorTran><onLineSrc><linkage Sync="TRUE"></linkage><orDesc>003</orDesc></onLineSrc><onLineSrc><linkage>http://www.environment.gov.au</linkage><orDesc>002</orDesc></onLineSrc></distorTran></distributor><distTranOps><transSize Sync="TRUE">0.000</transSize></distTranOps></distInfo><dataIdInfo><idCitation><resTitle>Collaborative Australian Protected Areas Database (CAPAD) 2016 - Marine</resTitle><resAltTitle>PARKS_TEAM.capad_marine</resAltTitle><date><createDate>18820201</createDate><reviseDate>20160630</reviseDate></date><citId><MdIdent><identCode>ISOCW0501021076</identCode></MdIdent></citId><citRespParty><rpOrgName>Australian Government Department of the Environment and Energy</rpOrgName><rpPosName>Parks Data Manager</rpPosName><rpCntInfo><cntPhone><voiceNum>02 6274 1111</voiceNum><faxNum>02 6274 1666</faxNum></cntPhone><cntAddress><delPoint>GPO Box 787</delPoint><city>Canberra</city><adminArea>ACT</adminArea><postCode>2601</postCode><country>Australia</country><eMailAdd>parks.metadata@environment.gov.au</eMailAdd></cntAddress><cntOnlineRes><linkage>http://www.environment.gov.au/</linkage></cntOnlineRes></rpCntInfo><role><RoleCd value="002"/></role></citRespParty><citRespParty><rpOrgName>Australian Government Department of the Environment</rpOrgName><rpPosName>Metadata Publisher</rpPosName><rpCntInfo><cntPhone><voiceNum>(02) 6274 1111</voiceNum><faxNum>(02) 6274 1333</faxNum></cntPhone><cntAddress><delPoint>GPO Box 787</delPoint><city>CANBERRA</city><adminArea>ACT</adminArea><postCode>2601</postCode><country>Australia</country><eMailAdd>metadata@environment.gov.au</eMailAdd></cntAddress><cntOnlineRes><linkage>http://www.environment.gov.au/</linkage></cntOnlineRes></rpCntInfo><role><RoleCd value="010"/></role></citRespParty><otherCitDet>Collaborative Australian Protected Areas Database (CAPAD) 2016, Commonwealth of Australia 2017</otherCitDet><presForm><PresFormCd value="005" Sync="TRUE"></PresFormCd></presForm></idCitation><idAbs>The Collaborative Australian Protected Areas Database (CAPAD) 2016 provides both spatial and textual information about government, Indigenous and privately protected areas for Australia, in both the marine and terrestrial environments. This dataset is the marine component of the CAPAD only. Marine CAPAD provides information about off-shore protected areas in both state and Commonwealth waters.  State and Territory conservation agencies supplied data current to 30 June 2016. This is the eighth version of the marine database, with previous versions released in 1997, 2002, 2004, 2008, 2010, 2012 and 2014.

The Department also publishes protected areas data for the terrestrial environment. The terrestrial component of the database has been previously released in 1997, 2000, 2002, 2004, 2006, 2008 2010, 2012 and 2014.

CAPAD provides a snapshot of protected areas that meet the IUCN definition of a protected area: "A protected area is an area of land and/or sea especially dedicated to the protection and maintenance of biological diversity, and of natural and associated cultural resources, and managed through legal or other effective means" (IUCN 1994).

The department publishes a summary of the CAPAD data biennially on its website at http://www.environment.gov.au/capad/ 

This version of CAPAD is a public and downloadable version of CAPAD 2016 data, available for use through the CC-BY licencing model. 

Commercial users: Commercial users should note the availability of a more descriptive dataset for Commonwealth Marine Reserves. It is recommended for use in commercial applications as it includes additional information about management arrangements for Commonwealth Marine Reserves. This dataset is available under Creative Commons Attribution Non-Commercial license from:
http://www.environment.gov.au/fed/catalog/search/resource/details.page?uuid=%7B2E8DD19C-1B93-4D90-BD1C-128DDC4A2998%7D

 ------------------------------------------------------------------------------------------------------

IMPORTANT INFORMATION FOR MARINE USERS – TRANSITIONAL ARRANGEMENTS
The process for developing management plans has been completed for the five Commonwealth marine reserve networks declared around Australia and the Coral Sea Commonwealth Marine Reserve. Until the new management plans come into effect transitional management arrangements are in place. Under these transitional arrangements, there are no changes "on the water" for users in the new areas added to the Commonwealth marine reserve estate. If people hold an existing approval to undertake activities within Commonwealth marine reserves or the now-revoked Coral Sea Conservation Zone, they are able to continue to operate under the terms of the existing approval. No additional administrative requirements apply.
The management plan for the South-east Network came into effect on 1 July 2013, while the management plans for the South-west, North-west, North and Temperate East Networks and the Coral Sea Commonwealth Marine Reserve are under review. More information is available at http://www.environment.gov.au/topics/marine/marine-reserves

 ------------------------------------------------------------------------------------------------------

Main attributes in Marine CAPAD 2016 include:

PA_ID: The protected area ID code. The first three digits of the PA_ID code are common to all component polygons of a single protected area. It is a DoEE generated number.

NAME: the name of the protected area. 

TYPE: the type of protected area according to the protected area establishment mechanism. 

TYPE_ABBR: the abbreviation of the TYPE. 

TYPE abbreviations:
AQR = Aquatic Reserve
CA = Conservation Area
CMR = Commonwealth Marine Reserve
CP = Conservation Park
DPAA = Dugong Protection Area (A)
DPAB = Dugong Protection Area (B)
DS = Dolphin Sanctuary
FHAA = Fish Habitat Area (A)
FHAB = Fish Habitat Area (B)
FHPA = Fish Habitat Protection Area
GR = Game Reserve
IPA = Indigenous Protected Area
LS = Rock Lobster Sanctuary
MCA = Marine Conservation Area
MMA = Marine Management Area
MNP = Marine National Park
MNR = Marine Nature Reserve
MP = Marine Park
MS = Marine Sanctuary
NP = National Park
NPC = National Park (Commonwealth)
NPS4 = National Parks Act - Schedule 4 park or reserve
NR = Nature Reserve
SH = Shipwreck Reserve
S5G = 5(1)(g) Reserve
S5H = 5(1)(h) Reserve

IUCN: the IUCN protected area management category ascribed by the Managing authority, as outlined in the publication: CNPPA/WCMC "Guidelines for Protected Area management categories". Gland: IUCN, 1994. (ISBN: 2-8317-0201-1).

IUCN definitions:
IA = Strict Nature Reserve: managed mainly for science;
IB = Wilderness Area: managed mainly for wilderness protection;
II = National Park: managed mainly for ecosystem protection;
III = Natural Monument: managed mainly for conservation of specific natural features;
IV = Habitat / Species Management Area: managed mainly for conservation through management intervention;
V = Protected Landscape / Seascape: managed mainly for landscape/seascape conservation and recreation;
VI = Managed Resource Protected Area: managed mainly for the sustainable use of natural ecosystems.
NA = (Not applicable) - Denotes an area that does not meet the NRS criteria or the IUCN definition of a protected area but has management complimentary to the NRS.

NRS_MPA: This attribute indicates whether the protected area meets the standard for inclusion in the NRSMPA or is managed for nature conservation without meeting the NRSMPA standard. For marine reserves refer to the “Guidelines for Establishing the National Representative System of Marine Protected Areas (NRSMPA)

NRS_MPA code definitions:
"Y" = Yes. The sea has been assessed as a protected area that meets the standard for inclusion in the NRSMPA.
"N" = No. The sea has been assessed as not meeting the standard for inclusion in the NRSMPA. It is managed for nature conservation without meeting the NRSMPA standard.
"ND" = Not Determined. The sea is managed for nature conservation although it has not been assessed to determine if it meets the standard for inclusion in the NRSMPA.

GAZ_AREA: area in hectares as described in the nomination document (e.g. parliamentary gazettal), to the nearest hectare. Some protected areas do not have a specific area in the designation.

GIS_AREA: area in hectares based on current spatial data and an Albers equal area projection for Australia. It is this field that is used to calculate the statistics provided in spreadsheets at: www.environment.gov.au/capad/

REPT_AREA: is the same as GIS_AREA. (Previously REPT_AREA was based on the GAZ_AREA attribute and if this was a null value then the GIS_AREA was used. Due to the fact that not all received data had REPT_AREA, it was incomplete and inconsistent, so REPT_AREA is no longer used for analysis).

GAZ_DATE: the first gazettal or proclamation date that established any protected area at this site. A default date of 01/01/1900 is applied for undated and unlabelled polygons supplied to the department.

LATEST_GAZ: the date of the most recent gazettal or proclamation to amend the protected area. It can be the same date as the GAZ_DATE.

STATE: The state is the state or territory that the protected area is located in. COM = protected areas located in Commonwealth Waters. EXT= protected areas located in Australian external territories.

AUTHORITY: The Authority responsible for the management of the protected area mechanism. 

AUTHORITY abbreviations:
DOEE  =  Australian Government, Department of the Environment and Energy
GBRMPA = Great Barrier Reef Marine Park Authority
IMG = Indigenous Management Group
NSW_DPI = NSW Department of Primary Industries
NT_PWCNT= Parks and Wildlife Commission of the NT
PIRSA = Primary Industries and Regions South Australia
QLD_DEEDI = QLD Department of Employment, Economic Development and Innovation
QLD_NPSR  =  Queensland Department of National Parks, Sport and Racing
SA_DEWNR = South Australian Department of Environment, Water and Natural Resources 
TAS_DPIPWE = Tasmanian Department of Primary Industries, Parks, Water and Environment
TSRA = Torres Strait Regional Authority
VIC_DELWP  =  Victorian Department of Environment, Land, Water and Planning
WA_DOF = Western Australian Department of Fisheries
WA_DPAW = Western Australian Department of Parks and Wildlife

DATASOURCE: Describes the source of the data for the protected area. 

DATASOURCE abbreviations:
DOEE  =  Australian Government, Department of the Environment and Energy
GBRMPA = Great Barrier Reef Marine Park Authority
NSW_DPI = NSW Department of Primary Industries
NT_PWCNT= Parks and Wildlife Commission of the NT
PIRSA = Primary Industries and Regions South Australia
QLD_DEEDI = QLD Department of Employment, Economic Development and Innovation
QLD_NPSR  =  Queensland Department of National Parks, Sport and Racing
SA_DEWNR = South Australian Department of Environment, Water and Natural Resources 
TAS_DPIPWE = Tasmanian Department of Primary Industries, Parks, Water and Environment
TSRA = Torres Strait Regional Authority
VIC_DELWP  =  Victorian Department of Environment, Land, Water and Planning
WA_DOF = Western Australian Department of Fisheries
WA_DPAW = Western Australian Department of Parks and Wildlife

GOVERNANCE: Records the type of governance that has management and decision making responsibility. 

Governance code definitions: G = Government, C = Community (conserved areas including indigenous peoples or local communities) or J = Joint.

COMMENTS: Extra information jurisdictions elect to supply. Due to the change in ENVIRON based categorisation rules in the 2016 version of CAPAD, it has been noted in the COMMENTS field of marine CAPAD if a record was previously included in terrestrial CAPAD.

ENVIRON: A protected area gazetted as terrestrial may have a marine component and vice versa. A protected area can be 'T' terrestrial, marine 'M' or both 'B'. Terrestrial CAPAD 2016 contains 'T' and 'B' records. Marine CAPAD 2016 contains 'M' and ‘B’ records. If a record is coded as ‘B’ by the data provider, DOEE calculates the proportional representation of marine and terrestrial areas within the polygon. If 70% or more of the area of the reserve is marine then the whole record is included in this dataset. If less than 70% of the area of the reserve is marine then the whole record is included in the terrestrial CAPAD dataset. In previous versions of CAPAD only ‘M’ records were included in Marine CAPAD.

X_COORD: is the longitude in decimal degrees east within the object closest to the centre of the object using the Geocentric Datum of Australia 1994.

Y_COORD: is the latitude in decimal degrees south within the object closest to the centre of the object using the Geocentric Datum of Australia 1994.

MGT_PLAN: The code of the status of the management plan for the protected area.

MGT_PLAN code definitions:
P = In Preparation - Some form of management document was being prepared.
D = Draft - A draft management document was released for comment by the public, management board or equivalent.
S = Statutory - Enabling legislation establishes the management of a protected area and separate management document is not required.
I = Management Intent - A formal statement of management intent has been prepared that clearly sets out the management objectives for the protected area but includes little else.
M = Management Plan - A formally adopted management plan that has been through consultation and contains strategies and actions for implementation for this protected area. 
R = Regional Plan - A formally adopted management plan has been through consultation and contains general strategies and actions for implementation over a group of protected areas.
N = Unknown - No form of management document could be found.
UR = Under Review - The management plan is under review

RES_NUMBER: The reserve number (if declared) as used by the controlling authority. IPA Reserve numbers are allocated by DOEE.

ZONE_TYPE: This is a concatenation of the ZONE (usually found in the COMMENTS field) and IUCN categories – for use when mapping the reserves.
EPBC: This identifies if the reserve can be considered under the Commonwealth Environment Protection and Biodiversity Conservation Act 1999 (EPBC Act). It will be used to identify Commonwealth features for inclusion in the Protected Matters Search Tool. 

EPBC code descriptions:
Commonwealth = Commonwealth reserve (either a Commonwealth Marine Reserve, Marine Park, Marine Sanctuary, National Park (Commonwealth)) – as outlined in Section 342 of the Act.
State = State managed reserve – as supplied by State/Territory authority

PA_ID_grp: The first three digits of the PA_ID code that identifies unique protected areas. It does not change between versions of CAPAD.</idAbs><resMaint><maintFreq><MaintFreqCd value="009"></MaintFreqCd></maintFreq></resMaint><resConst><LegConsts><accessConsts><RestrictCd value="005"/></accessConsts><othConsts>CC - Attribution (CC BY)</othConsts><othConsts>This dataset is available under the CC-BY data licencing model and users are required to acknowledge the Australian Government, Department of the Environment and Energy as the source of the data in any of their uses. When citing the data please use ‘Collaborative Australian Protected Areas Database (CAPAD) 2016, Commonwealth of Australia 2017’.</othConsts></LegConsts></resConst><resConst><LegConsts><accessConsts><RestrictCd value="001"/></accessConsts><othConsts>© Commonwealth of Australia (Department of the Environment) 2017</othConsts></LegConsts></resConst><resConst><LegConsts><useConsts><RestrictCd value="005"/></useConsts><othConsts>The data is supplied to the Commonwealth for compilation by States and Territories of Australia and custodianship rests with the source agencies. A list of the agencies is available in the acknowledgements section of the metadata entry.
 
This CAPAD data has been supplied to the Commonwealth for compilation over a 3 month time frame and has taken several months to get to publication stage. Please note that the information supplied is not up-to-date at the time of publication and release by the Commonwealth.
 
It is the responsibility of the person using the CAPAD dataset to always check the metadata for the currency date within each jurisdiction and if required seek advice from the individual agencies on details of more recent gazettals of protected areas.</othConsts></LegConsts></resConst><resConst><LegConsts><useConsts><RestrictCd value="007"/></useConsts><othConsts>Display - No</othConsts><othConsts>Attributes - No</othConsts><othConsts>Geometry - No</othConsts><othConsts>Other - No</othConsts></LegConsts></resConst><dsFormat><formatVer>1</formatVer><formatName></formatName></dsFormat><dataExr><geoEle><GeoBndBox><exTypeCode>1</exTypeCode></GeoBndBox></geoEle></dataExr><envirDesc Sync="TRUE"> Version 6.2 (Build 9200) ; Esri ArcGIS 10.5.1.7333</envirDesc><spatRpType><SpatRepTypCd value="001" Sync="TRUE"></SpatRepTypCd></spatRpType><distributor><distorCont><rpPosName></rpPosName></distorCont></distributor><idStatus><ProgCd value="001"></ProgCd></idStatus><idPoC><rpOrgName>Australian Government Department of the Environment and Energy</rpOrgName><rpPosName>Parks Data Manager</rpPosName><rpCntInfo><cntPhone><voiceNum>02 6274 1111</voiceNum><faxNum>02 6274 1666</faxNum></cntPhone><cntAddress><delPoint>GPO Box 787</delPoint><city>Canberra</city><adminArea>ACT</adminArea><postCode>2601</postCode><country>Australia</country><eMailAdd>parks.metadata@environment.gov.au</eMailAdd></cntAddress><cntOnlineRes><linkage>http://www.environment.gov.au/</linkage></cntOnlineRes></rpCntInfo><role><RoleCd value="007"></RoleCd></role></idPoC><dataScale><equScale><rfDenom>250000</rfDenom></equScale></dataScale><tpCat><TopicCatCd value="007"></TopicCatCd></tpCat><suppInfo>to be published externally</suppInfo><dataLang><languageCode value="en"></languageCode><countryCode value="USA" Sync="TRUE"></countryCode></dataLang><dataChar><CharSetCd value="004"></CharSetCd></dataChar><idCredit>The data is supplied to the Commonwealth for compilation by States and Territories of Australia and custodianship rests with the source agencies: DOEE  =  Australian Government, Department of the Environment and Energy, GBRMPA = Great Barrier Reef Marine Park Authority, IMG = Indigenous Management Group, NSW_DPI = NSW Department of Primary Industries, NT_PWCNT= Parks and Wildlife Commission of the NT, PIRSA = Primary Industries and Regions South Australia, QLD_DEEDI = QLD Department of Employment, Economic Development and Innovation, QLD_NPSR  =  Queensland Department of National Parks, Sport and Racing, SA_DEWNR = South Australian Department of Environment, Water and Natural Resources, TAS_DPIPWE = Tasmanian Department of Primary Industries, Parks, Water and Environment, TSRA = Torres Strait Regional Authority, VIC_DELWP  =  Victorian Department of Environment, Land, Water and Planning, WA_DOF = Western Australian Department of Fisheries, WA_DPAW = Western Australian Department of Parks and Wildlife</idCredit><dataExt><geoEle><GeoBndBox><northBL>-9</northBL><southBL>-58</southBL><westBL>70</westBL><eastBL>170</eastBL><exTypeCode>1</exTypeCode></GeoBndBox></geoEle></dataExt><dataExt><geoEle><GeoBndBox esriExtentType="search"><exTypeCode Sync="TRUE">1</exTypeCode><westBL Sync="TRUE">70.717024</westBL><eastBL Sync="TRUE">170.366667</eastBL><northBL Sync="TRUE">-8.881893</northBL><southBL Sync="TRUE">-58.449470</southBL></GeoBndBox></geoEle></dataExt></dataIdInfo><dqInfo><dataLineage><statement>The Collaborative Australian Protected Areas Database (CAPAD) 2016 - Marine, provides both spatial and text information about off-shore protected areas in both state and commonwealth waters. State and Territory conservation agencies supplied data current to 30 June 2016. This is the eighth version of the marine database, with previous versions released in 1997, 2002, 2004, 2008, 2010, 2012 and 2014. CAPAD provides a snapshot of protected areas that meet the IUCN definition of a protected area.

Where appropriate attribute information (as per CAPAD technical specifications) were not provided in the spatial data layers, the textual data describing the spatial data provided by the contributors was matched to CAPAD attributes such as 'NAME','TYPE' or 'RES_NO' where applicable. Comparisons were made between data supplied and previous CAPAD versions. Anomalies were resolved where possible. Validation of attribute information and topological structure has been undertaken by the Australian Government, Department of the Environment and Energy and corrections made where appropriate.</statement></dataLineage><report type="DQAbsExtPosAcc"><measResult><ConResult><conSpec><resTitle>Absolute External Positional Accuracy Check</resTitle><date><reviseDate>20170710</reviseDate><refDateType><DateTypCd value="003"/></refDateType></date></conSpec><conExpl>Variable from &lt; 1m to 500m.</conExpl><conPass>1</conPass></ConResult></measResult></report><report type="DQNonQuanAttAcc"><measResult><ConResult><conSpec><resTitle>Non Quantitative Attribute Accuracy Check</resTitle><date><reviseDate>20170710</reviseDate><refDateType><DateTypCd value="003"/></refDateType></date></conSpec><conExpl>Where appropriate attribute information (as per CAPAD technical specifications) were not provided in the spatial data layers, the textual data describing the spatial data provided by the contributors was matched to CAPAD attributes such as 'NAME','TYPE' or 'RES_NO' where applicable. Comparisons were made between data supplied and previous CAPAD versions. Anomalies were resolved where possible. Validation of attribute information and topological structure has been undertaken by the Australian Government, Department of the Environment and Energy and corrections made where appropriate.</conExpl><conPass>1</conPass></ConResult></measResult></report><report type="DQConcConsis"><measResult><ConResult><conSpec><resTitle>Conceptual Consistency Check</resTitle><date><reviseDate>20170710</reviseDate><refDateType><DateTypCd value="003"/></refDateType></date></conSpec><conExpl>Attribute data conform to the nationally agreed CAPAD specifications. All source datasets which were not consistent with the CAPAD standards were corrected as required. All polygons were given visual checks for spatial errors and for appropriate attribute information.</conExpl><conPass>1</conPass></ConResult></measResult></report><report type="DQCompOm"><measResult><ConResult><conSpec><resTitle>Completeness Omission Check</resTitle><date><reviseDate>20170710</reviseDate><refDateType><DateTypCd value="003"/></refDateType></date></conSpec><conExpl>The currency of the data provided varies from jurisdiction to jurisdiction.</conExpl><conPass>1</conPass></ConResult></measResult></report><dqScope><scpLvl><ScopeCd value="005"></ScopeCd></scpLvl></dqScope></dqInfo><dataSetURI>Server=spatdev; Service=sde:oracle11g:spatdev;  Version=SDE.DEFAULT; Dataset=PARKS_TEAM.capad_marine</dataSetURI><eainfo><detailed Name="capad_2018_marine"><enttyp><enttypl Sync="TRUE">capad_2018_marine</enttypl><enttypt Sync="TRUE">Feature Class</enttypt><enttypc Sync="TRUE">0</enttypc></enttyp><attr><attrlabl Sync="TRUE">FID</attrlabl><attalias Sync="TRUE">FID</attalias><attrtype Sync="TRUE">OID</attrtype><attwidth Sync="TRUE">4</attwidth><atprecis Sync="TRUE">0</atprecis><attscale Sync="TRUE">0</attscale><attrdef Sync="TRUE">Internal feature number.</attrdef><attrdefs Sync="TRUE">Esri</attrdefs><attrdomv><udom Sync="TRUE">Sequential unique whole numbers that are automatically generated.</udom></attrdomv></attr><attr><attrlabl Sync="TRUE">SHAPE</attrlabl><attalias Sync="TRUE">Shape</attalias><attrtype Sync="TRUE">Geometry</attrtype><attwidth Sync="TRUE">0</attwidth><atprecis Sync="TRUE">0</atprecis><attscale Sync="TRUE">0</attscale><attrdef Sync="TRUE">Feature geometry.</attrdef><attrdefs Sync="TRUE">Esri</attrdefs><attrdomv><udom Sync="TRUE">Coordinates defining the features.</udom></attrdomv></attr><attr><attrlabl Sync="TRUE">PA_ID</attrlabl><attalias Sync="TRUE">PA_ID</attalias><attrtype Sync="TRUE">String</attrtype><attwidth Sync="TRUE">20</attwidth><atprecis Sync="TRUE">0</atprecis><attscale Sync="TRUE">0</attscale></attr><attr><attrlabl Sync="TRUE">NAME</attrlabl><attalias Sync="TRUE">NAME</attalias><attrtype Sync="TRUE">String</attrtype><attwidth Sync="TRUE">254</attwidth><atprecis Sync="TRUE">0</atprecis><attscale Sync="TRUE">0</attscale></attr><attr><attrlabl Sync="TRUE">TYPE</attrlabl><attalias Sync="TRUE">TYPE</attalias><attrtype Sync="TRUE">String</attrtype><attwidth Sync="TRUE">60</attwidth><atprecis Sync="TRUE">0</atprecis><attscale Sync="TRUE">0</attscale></attr><attr><attrlabl Sync="TRUE">TYPE_ABBR</attrlabl><attalias Sync="TRUE">TYPE_ABBR</attalias><attrtype Sync="TRUE">String</attrtype><attwidth Sync="TRUE">10</attwidth><atprecis Sync="TRUE">0</atprecis><attscale Sync="TRUE">0</attscale></attr><attr><attrlabl Sync="TRUE">IUCN</attrlabl><attalias Sync="TRUE">IUCN</attalias><attrtype Sync="TRUE">String</attrtype><attwidth Sync="TRUE">5</attwidth><atprecis Sync="TRUE">0</atprecis><attscale Sync="TRUE">0</attscale></attr><attr><attrlabl Sync="TRUE">NRS_MPA</attrlabl><attalias Sync="TRUE">NRS_MPA</attalias><attrtype Sync="TRUE">String</attrtype><attwidth Sync="TRUE">5</attwidth><atprecis Sync="TRUE">0</atprecis><attscale Sync="TRUE">0</attscale></attr><attr><attrlabl Sync="TRUE">GAZ_AREA</attrlabl><attalias Sync="TRUE">GAZ_AREA</attalias><attrtype Sync="TRUE">Double</attrtype><attwidth Sync="TRUE">19</attwidth><atprecis Sync="TRUE">0</atprecis><attscale Sync="TRUE">0</attscale></attr><attr><attrlabl Sync="TRUE">GIS_AREA</attrlabl><attalias Sync="TRUE">GIS_AREA</attalias><attrtype Sync="TRUE">Double</attrtype><attwidth Sync="TRUE">19</attwidth><atprecis Sync="TRUE">0</atprecis><attscale Sync="TRUE">0</attscale></attr><attr><attrlabl Sync="TRUE">REPT_AREA</attrlabl><attalias Sync="TRUE">REPT_AREA</attalias><attrtype Sync="TRUE">Double</attrtype><attwidth Sync="TRUE">19</attwidth><atprecis Sync="TRUE">0</atprecis><attscale Sync="TRUE">0</attscale></attr><attr><attrlabl Sync="TRUE">GAZ_DATE</attrlabl><attalias Sync="TRUE">GAZ_DATE</attalias><attrtype Sync="TRUE">Date</attrtype><attwidth Sync="TRUE">8</attwidth><atprecis Sync="TRUE">0</atprecis><attscale Sync="TRUE">0</attscale></attr><attr><attrlabl Sync="TRUE">LATEST_GAZ</attrlabl><attalias Sync="TRUE">LATEST_GAZ</attalias><attrtype Sync="TRUE">Date</attrtype><attwidth Sync="TRUE">8</attwidth><atprecis Sync="TRUE">0</atprecis><attscale Sync="TRUE">0</attscale></attr><attr><attrlabl Sync="TRUE">STATE</attrlabl><attalias Sync="TRUE">STATE</attalias><attrtype Sync="TRUE">String</attrtype><attwidth Sync="TRUE">4</attwidth><atprecis Sync="TRUE">0</atprecis><attscale Sync="TRUE">0</attscale></attr><attr><attrlabl Sync="TRUE">AUTHORITY</attrlabl><attalias Sync="TRUE">AUTHORITY</attalias><attrtype Sync="TRUE">String</attrtype><attwidth Sync="TRUE">15</attwidth><atprecis Sync="TRUE">0</atprecis><attscale Sync="TRUE">0</attscale></attr><attr><attrlabl Sync="TRUE">DATASOURCE</attrlabl><attalias Sync="TRUE">DATASOURCE</attalias><attrtype Sync="TRUE">String</attrtype><attwidth Sync="TRUE">20</attwidth><atprecis Sync="TRUE">0</atprecis><attscale Sync="TRUE">0</attscale></attr><attr><attrlabl Sync="TRUE">GOVERNANCE</attrlabl><attalias Sync="TRUE">GOVERNANCE</attalias><attrtype Sync="TRUE">String</attrtype><attwidth Sync="TRUE">3</attwidth><atprecis Sync="TRUE">0</atprecis><attscale Sync="TRUE">0</attscale></attr><attr><attrlabl Sync="TRUE">COMMENTS</attrlabl><attalias Sync="TRUE">COMMENTS</attalias><attrtype Sync="TRUE">String</attrtype><attwidth Sync="TRUE">120</attwidth><atprecis Sync="TRUE">0</atprecis><attscale Sync="TRUE">0</attscale></attr><attr><attrlabl Sync="TRUE">ENVIRON</attrlabl><attalias Sync="TRUE">ENVIRON</attalias><attrtype Sync="TRUE">String</attrtype><attwidth Sync="TRUE">3</attwidth><atprecis Sync="TRUE">0</atprecis><attscale Sync="TRUE">0</attscale></attr><attr><attrlabl Sync="TRUE">X_COORD</attrlabl><attalias Sync="TRUE">X_COORD</attalias><attrtype Sync="TRUE">Double</attrtype><attwidth Sync="TRUE">19</attwidth><atprecis Sync="TRUE">0</atprecis><attscale Sync="TRUE">0</attscale></attr><attr><attrlabl Sync="TRUE">Y_COORD</attrlabl><attalias Sync="TRUE">Y_COORD</attalias><attrtype Sync="TRUE">Double</attrtype><attwidth Sync="TRUE">19</attwidth><atprecis Sync="TRUE">0</atprecis><attscale Sync="TRUE">0</attscale></attr><attr><attrlabl Sync="TRUE">MGT_PLAN</attrlabl><attalias Sync="TRUE">MGT_PLAN</attalias><attrtype Sync="TRUE">String</attrtype><attwidth Sync="TRUE">3</attwidth><atprecis Sync="TRUE">0</atprecis><attscale Sync="TRUE">0</attscale></attr><attr><attrlabl Sync="TRUE">RES_NUMBER</attrlabl><attalias Sync="TRUE">RES_NUMBER</attalias><attrtype Sync="TRUE">String</attrtype><attwidth Sync="TRUE">15</attwidth><atprecis Sync="TRUE">0</atprecis><attscale Sync="TRUE">0</attscale></attr><attr><attrlabl Sync="TRUE">ZONE_TYPE</attrlabl><attalias Sync="TRUE">ZONE_TYPE</attalias><attrtype Sync="TRUE">String</attrtype><attwidth Sync="TRUE">150</attwidth><atprecis Sync="TRUE">0</atprecis><attscale Sync="TRUE">0</attscale></attr><attr><attrlabl Sync="TRUE">EPBC</attrlabl><attalias Sync="TRUE">EPBC</attalias><attrtype Sync="TRUE">String</attrtype><attwidth Sync="TRUE">15</attwidth><atprecis Sync="TRUE">0</atprecis><attscale Sync="TRUE">0</attscale></attr><attr><attrlabl Sync="TRUE">PA_ID_grp</attrlabl><attalias Sync="TRUE">PA_ID_GRP</attalias><attrtype Sync="TRUE">String</attrtype><attwidth Sync="TRUE">10</attwidth><atprecis Sync="TRUE">0</atprecis><attscale Sync="TRUE">0</attscale></attr><attr><attrlabl Sync="TRUE">SHAPE_AREA</attrlabl><attalias Sync="TRUE">SHAPE_AREA</attalias><attrtype Sync="TRUE">Double</attrtype><attwidth Sync="TRUE">19</attwidth><atprecis Sync="TRUE">0</atprecis><attscale Sync="TRUE">0</attscale><attrdef Sync="TRUE">Area of feature in internal units squared.</attrdef><attrdefs Sync="TRUE">Esri</attrdefs><attrdomv><udom Sync="TRUE">Positive real numbers that are automatically generated.</udom></attrdomv></attr><attr><attrlabl Sync="TRUE">SHAPE_LEN</attrlabl><attalias Sync="TRUE">SHAPE_LEN</attalias><attrtype Sync="TRUE">Double</attrtype><attwidth Sync="TRUE">19</attwidth><atprecis Sync="TRUE">0</atprecis><attscale Sync="TRUE">0</attscale></attr><attr><attrlabl Sync="TRUE">NetName</attrlabl><attalias Sync="TRUE">NetName</attalias><attrtype Sync="TRUE">String</attrtype><attwidth Sync="TRUE">254</attwidth><atprecis Sync="TRUE">0</atprecis><attscale Sync="TRUE">0</attscale></attr><attr><attrlabl Sync="TRUE">ResName</attrlabl><attalias Sync="TRUE">ResName</attalias><attrtype Sync="TRUE">String</attrtype><attwidth Sync="TRUE">254</attwidth><atprecis Sync="TRUE">0</atprecis><attscale Sync="TRUE">0</attscale></attr><attr><attrlabl Sync="TRUE">ResArea</attrlabl><attalias Sync="TRUE">ResArea</attalias><attrtype Sync="TRUE">Double</attrtype><attwidth Sync="TRUE">19</attwidth><atprecis Sync="TRUE">0</atprecis><attscale Sync="TRUE">0</attscale></attr><attr><attrlabl Sync="TRUE">ZoneName</attrlabl><attalias Sync="TRUE">ZoneName</attalias><attrtype Sync="TRUE">String</attrtype><attwidth Sync="TRUE">254</attwidth><atprecis Sync="TRUE">0</atprecis><attscale Sync="TRUE">0</attscale></attr><attr><attrlabl Sync="TRUE">ZoneIUCN</attrlabl><attalias Sync="TRUE">ZoneIUCN</attalias><attrtype Sync="TRUE">String</attrtype><attwidth Sync="TRUE">5</attwidth><atprecis Sync="TRUE">0</atprecis><attscale Sync="TRUE">0</attscale></attr><attr><attrlabl Sync="TRUE">PolygonID</attrlabl><attalias Sync="TRUE">PolygonID</attalias><attrtype Sync="TRUE">String</attrtype><attwidth Sync="TRUE">10</attwidth><atprecis Sync="TRUE">0</atprecis><attscale Sync="TRUE">0</attscale></attr><attr><attrlabl Sync="TRUE">NatLegend</attrlabl><attalias Sync="TRUE">NatLegend</attalias><attrtype Sync="TRUE">String</attrtype><attwidth Sync="TRUE">254</attwidth><atprecis Sync="TRUE">0</atprecis><attscale Sync="TRUE">0</attscale></attr><attr><attrlabl Sync="TRUE">Area_KM2</attrlabl><attalias Sync="TRUE">Area_KM2</attalias><attrtype Sync="TRUE">Double</attrtype><attwidth Sync="TRUE">19</attwidth><atprecis Sync="TRUE">0</atprecis><attscale Sync="TRUE">0</attscale></attr></detailed></eainfo><mdLang><languageCode value="eng" Sync="TRUE"></languageCode><countryCode value="USA" Sync="TRUE"></countryCode></mdLang><mdHrLv><ScopeCd value="005" Sync="TRUE"></ScopeCd></mdHrLv><mdHrLvName Sync="TRUE">dataset</mdHrLvName><refSysInfo><RefSystem><refSysID><identCode code="4283" Sync="TRUE"></identCode><idCodeSpace Sync="TRUE">EPSG</idCodeSpace><idVersion Sync="TRUE">8.3.4(3.0.1)</idVersion></refSysID></RefSystem></refSysInfo><spatRepInfo><VectSpatRep><geometObjs Name="capad_2018_marine"><geoObjTyp><GeoObjTypCd value="002" Sync="TRUE"></GeoObjTypCd></geoObjTyp><geoObjCnt Sync="TRUE">0</geoObjCnt></geometObjs><topLvl><TopoLevCd value="001" Sync="TRUE"></TopoLevCd></topLvl></VectSpatRep></spatRepInfo><spdoinfo><ptvctinf><esriterm Name="capad_2018_marine"><efeatyp Sync="TRUE">Simple</efeatyp><efeageom code="4" Sync="TRUE"></efeageom><esritopo Sync="TRUE">FALSE</esritopo><efeacnt Sync="TRUE">0</efeacnt><spindex Sync="TRUE">FALSE</spindex><linrefer Sync="TRUE">FALSE</linrefer></esriterm></ptvctinf></spdoinfo><mdFileID>62dd5778-1421-4e28-a751-384850ab0043</mdFileID><mdContact><rpOrgName>Australian Government Department of the Environment and Energy</rpOrgName><rpPosName>Parks Data Manager</rpPosName><rpCntInfo><cntPhone><voiceNum>02 6274 1111</voiceNum><faxNum>02 6274 1666</faxNum></cntPhone><cntAddress><delPoint>GPO Box 787</delPoint><city>Canberra</city><adminArea>ACT</adminArea><postCode>2601</postCode><country>Australia</country><eMailAdd>parks.metadata@environment.gov.au</eMailAdd></cntAddress><cntOnlineRes><linkage>http://www.environment.gov.au/</linkage></cntOnlineRes></rpCntInfo><role><RoleCd value="007"></RoleCd></role></mdContact><mdStanName>ANZLIC Metadata Profile: An Australian/New Zealand Profile of AS/NZS ISO 19115:2005, Geographic information - Metadata</mdStanName><mdStanVer>1.1</mdStanVer><idinfo><citation><citeinfo><title>Collaborative Australian Protected Areas Database (CAPAD) 2016 - Marine</title></citeinfo></citation></idinfo><distinfo><resdesc></resdesc></distinfo><mdChar><CharSetCd value="004" Sync="TRUE"></CharSetCd></mdChar></metadata>
